{
  "memoryMetrics": {
    "used": 27600000,
    "total": 35100000,
    "limit": 3760000000
  },
  "browserMetrics": {
    "navigation": {
      "domContentLoaded": 0.10000002384185791,
      "loadComplete": 0.5,
      "domInteractive": 6.700000047683716,
      "responseTime": 2.199999988079071
    },
    "paint": 212,
    "memory": {
      "used": 27600000,
      "total": 35100000,
      "limit": 3760000000
    }
  }
}