{
  "memoryMetrics": {
    "used": 27600000,
    "total": 35100000,
    "limit": 3760000000
  },
  "browserMetrics": {
    "navigation": {
      "domContentLoaded": 0.10000002384185791,
      "loadComplete": 0.3999999761581421,
      "domInteractive": 5,
      "responseTime": 1.199999988079071
    },
    "paint": 200,
    "memory": {
      "used": 27600000,
      "total": 35100000,
      "limit": 3760000000
    }
  }
}