{
  "memoryMetrics": {
    "used": 27600000,
    "total": 35100000,
    "limit": 3760000000
  },
  "browserMetrics": {
    "navigation": {
      "domContentLoaded": 0,
      "loadComplete": 0.3999999761581421,
      "domInteractive": 5.800000011920929,
      "responseTime": 2.100000023841858
    },
    "paint": 180,
    "memory": {
      "used": 27600000,
      "total": 35100000,
      "limit": 3760000000
    }
  }
}