{
  "memoryMetrics": {
    "used": 27600000,
    "total": 35100000,
    "limit": 3760000000
  },
  "browserMetrics": {
    "navigation": {
      "domContentLoaded": 0,
      "loadComplete": 0.5,
      "domInteractive": 5.700000047683716,
      "responseTime": 1.7999999523162842
    },
    "paint": 188,
    "memory": {
      "used": 27600000,
      "total": 35100000,
      "limit": 3760000000
    }
  }
}