{
  "memoryMetrics": {
    "used": 27600000,
    "total": 35100000,
    "limit": 3760000000
  },
  "browserMetrics": {
    "navigation": {
      "domContentLoaded": 0,
      "loadComplete": 0.6000000238418579,
      "domInteractive": 7.199999988079071,
      "responseTime": 2.200000047683716
    },
    "paint": 196,
    "memory": {
      "used": 27600000,
      "total": 35100000,
      "limit": 3760000000
    }
  }
}